plantation_light, G8
plantation_dark, G5
kilbrin_irish, D20
knappogue_12_year, C22
pitu_cachaca, C2
high_west_bourye, D23
aultmore_12_year, C19
the_deacon, E23
azunia_reposado, E17
tanqueray_sevilla, E5
sonoma_cherrywood_rye, E19
roku, E2
sipsmith_sloe_gin, D2
fidelitas_kirsch, F8
pear_williams, F10
tanqueray_london_dry, F2
zignum_reposado, D17
famous_grouse, none
famous_grouse_smoky_black, none
del_maguey_classico, D15
del_maguey_puebla, D12
cuervo_gold, F15
largo_bay_151, C4
yuzu_curacao, B17
boulard_calvados, D9
dryfly_gin, F5
christian_brothers_vsop, D5
christian_brothers_vs, E9
tj_mezcal, E15
genepy, A2
yellow_chartreuse, B2
green_chartreuse, B4
1800_tequila, E12
lofi_gentian, J4
amaro_04, L3
zirbenz, L5
amaro_angostura, I2
reddit_aroma, H4
bacardi_gold, C4
brucato_woodlands, A7
limoncello, C10
elder_mead, F12
cynar_std, none
cynar_70, B13
byrrh, A10
rosso_amaro, K4
huckleberry_gin_julia, J5
cointreau, B15
campari, A19
brucato_chaparral, A5
aperol, A22
nonino, A12
sambuca_di_amore, none
cardamaro, B7
meletti, B10
mr_stacks_creme_de_cacao, C13
cristiani_amaretto, G12
galliano, B22
bulleit_95_rye, F22
four_roses_bourbon, G2
amaro_14, J3
bols_triple_sec, C15
douglas_fir, I5
drip_coffee_liqueur, J7
luxardo_maraschino, B19
amaro_01, M3
amaro_kim, I3
brovo_american, A16
uncharted_rhapsody, A4
tacoma_punk, N3
giffard_cacao, H5
pistacchio_mk_i, L6
pistacchio_mk_ii, N2
gen-p, A1
dry_curacao, none
kahana_mac_nut, L7
360_huckleberry, I6
yellowstone_bourbon, F17
falernum, N7
cristiani_maraschino, K7
martini_rosso, N1
nocino, A17
craft_cordials_elderflower, I7
drillaud_elderflower, M6
nixta, N5
szechuan_liqueur, A14
cinnamon_whiskey, I1
chai, J1
sesame_whiskey, K1
lapsang_whiskey, L2
mystery1, O1
mystery2, O2
blue_curacao, M2
absinthe, A15
creme_de_violette, none
peach_schnapps, none
kahlua, none
lillet_blanc, none
placeholder_japanese_whisky, none
placeholder_coconut_rum, none
placeholder_honey_liqueur, none
st_germain, none
islay_scotch, none
creme_de_cassis, none
placeholder_fig_brandy, none
creme_de_violette, none
placeholder_red_wine, none
placeholder_white_wine, none
angostura_cacao_bitters, none

mai_tai, L4
babylon_sisters, J6

sweet_vermouth, fridge
dry_vermouth, fridge
brovo_pink, fridge
brovo_jammy, fridge
brovo_witty, fridge
brovo_pretty, fridge
orgeat, fridge
maple_syrup, fridge
prickly_pear_syrup, fridge
irish_cream, fridge
brut, fridge
prosecco, fridge
cranberry_juice, none
olive, none
egg_white, fridge
heavy_creme, none
pineapple_juice, none
coconut_cream, fridge

noble_fir_juniper_tincture, bitters_rack_top
evergreen_forest_bitters, bitters_rack_top
run_forest_run_maple_bitters, bitters_rack_top
that_bottle_of_devils_club_and_salmonberries_i_refuse_to_throw_out, bitters_rack_top
jasmine_flavoring_essence, bitters_rack_top
angostura_bitters, bitters_rack_top
peychauds_bitters, bitters_rack_top
licorice_fern_bitters, bitters_rack_top
kaffir_lime_bitters, bitters_rack_top
pho_bitters, bitters_rack_top
szechuan_bitters, bitters_rack_top
angostura_orange_bitters, bitters_rack_top

szechuan_tincture, bitters_rack_middle
cookie_monster_bitters, bitters_rack_middle
eucalyptus_bitters, bitters_rack_middle
oregon_grape_tincture, bitters_rack_middle
rose_water, bitters_rack_middle
three_teabags, bitters_rack_middle
szechuan_ii, bitters_rack_middle
onionless_pho_bitters, bitters_rack_middle
kumquat_bitters, bitters_rack_middle
1_20_23, bitters_rack_middle
habanero_tincture, bitters_rack_middle
orange_blossom_water, bitters_rack_middle
brisngr_flower, bitters_rack_middle
betel_leaf_bitters, bitters_rack_middle
unofficial_kaffir, bitters_rack_middle
2_20_boil, bitters_rack_middle
a_vanilla_bean_and_some_sticks, bitters_rack_middle
mystery_orange, bitters_rack_middle
fiore, bitters_rack_middle
pistachio_tincture, bitters_rack_middle
homemade_rhubarb, bitters_rack_middle
sakura_bitters, bitters_rack_middle

fee_bros_aztec_chocolate_bitters, bitters_rack_bottom
chocolate_bitters, bitters_rack_bottom
rootbeer_bitters, bitters_rack_bottom
hella_orange_bitters, bitters_rack_bottom
hella_aztec_chocolate_bitters, bitters_rack_bottom
scrappy_black_lemon_bitters, bitters_rack_bottom
fee_bros_rhubarb, bitters_rack_bottom
fee_bros_plum, bitters_rack_bottom
scrappy_lavender_bitters, bitters_rack_bottom
fee_bros_peach, bitters_rack_bottom
fee_bros_black_walnut, bitters_rack_bottom
scrappy_grapefruit, bitters_rack_bottom
fee_bros_cranberry, bitters_rack_bottom
hella_ginger_bitters, bitters_rack_bottom
fee_bros_lemon, bitters_rack_bottom

simple_syrup, cart
simple, cart
honey_ginger_syrup, none
honey_syrup, none

lime, bowl
lime_juice, bowl
lime_twist, bowl
lime_zest, bowl
lemon, bowl
lemon_juice, bowl
lemon_twist, bowl
lemon_zest, bowl
meyer_lemon, bowl
meyer_lemon_juice, bowl
meyer_lemon_twist, bowl
meyer_lemon_zest, bowl
orange, bowl
orange_juice, bowl
orange_twist, bowl
orange_zest, bowl
grapefruit, bowl
grapefruit_juice, bowl
grapefruit_twist, bowl
grapefruit_zest, bowl

mint_leaves, plant
rosemary, plant
rosemary_twig, plant
rosemary_sprig, plant

san_pellegrino_blood_orange, none
san_pellegrino_lemon, none
san_pellegrino_grapefuit, none
san_pellegrino_orange, none
seltzer, soda
ginger_beer, soda
sparkling_water, soda
grapefruit_sparkling_water, soda
lemon_sparkling_water, soda
lime_sparkling_water, soda
grapefruit_soda, none
tonic, soda

white_sugar, kitchen
sugar, kitchen
vanilla_extract, kitchen
vanilla, kitchen
cinnamon, kitchen
cinnamon_stick, kitchen
